1891-01,-4.375412750825503
1891-02,-0.5129784141144599
1891-03,-1.8032766065532133
1891-04,-2.157322834645652
1891-05,-0.3888493776987296
1891-06,-1.1298687664041562
1891-07,-0.4141224282448803
1891-08,-1.734721869443776
1891-09,1.126797900262451
1891-10,1.126974853949715
1891-11,-0.9997637795275587
1891-12,0.5842975002062571
1892-01,-2.5270256540513083
1892-02,-0.31236265056766155
1892-03,-2.6323088646177286
1892-04,-0.8973228346456521
1892-05,-0.34046228092453745
1892-06,-1.1398687664041613
1892-07,-1.891541783083591
1892-08,0.5265684531368713
1892-09,0.15346456692912191
1892-10,-1.069799339598676
1892-11,-2.459763779527558
1892-12,-2.6608637901163235
1893-01,-6.549606299212597
1893-02,0.3727358715998257
1893-03,0.6967233934467867
1893-04,0.9926771653543458
1893-05,-0.28239776479550294
1893-06,0.11679790026251169
1893-07,0.031038862077700458
1893-08,0.36527813055622715
1893-09,-1.2098687664042114
1893-10,0.9818135636271332
1893-11,-1.6230971128608935
1893-12,0.1262329840772245
1894-01,-1.3947675895351788
1894-02,1.3263073001712544
1894-03,1.9386588773177547
1894-04,2.579343832021017
1894-05,-0.7178816357632449
1894-06,-1.3332020997374912
1894-07,0.8665227330454464
1894-08,-1.6702057404115145
1894-09,-1.8865354330708808
1894-10,-1.137541275082544
1894-11,1.1535695538057738
1894-12,0.026232984077224852
1895-01,-3.072186944373889
1895-02,-6.020121271257318
1895-03,-1.5000508001016
1895-04,1.1760104986876811
1895-05,0.4111506223012693
1895-06,0.11346456692917606
1895-07,-0.8302514605029465
1895-08,0.1717297434594549
1895-09,1.7667979002624516
1895-10,-1.5923799847599653
1895-11,-0.1897637795275573
1895-12,-1.5931218546324522
1896-01,-0.04960629921259896
1896-02,0.15315459081164828
1896-03,1.5064008128016262
1896-04,-1.2139895013123185
1896-05,-1.4759461518922787
1896-06,2.096797900262505
1896-07,0.1503937007873759
1896-08,-1.7798831597663582
1896-09,-0.28653543307087936
1896-10,0.05278130556261296
1896-11,-3.196430446194226
1896-12,-1.7673154030195495
1897-01,-3.59476758953518
1897-02,-0.5951212712573171
1897-03,0.8354330708661415
1897-04,-0.3573228346456512
1897-05,-1.0694945389890513
1897-06,1.6401312335958451
1897-07,-1.239928879857782
1897-08,1.2846329692659033
1897-09,-0.886535433070879
1897-10,-1.5407670815341588
1897-11,-0.9697637795275598
1897-12,0.997200726012708
1898-01,3.231038862077724
1898-02,1.297735871599826
1898-03,-0.8613411226822447
1898-04,-1.0473228346456525
1898-05,-1.653365506730987
1898-06,-0.5032020997374929
1898-07,-3.2786385572771373
1898-08,1.0846329692659076
1898-09,0.7134645669291206
1898-10,-1.1085090170180312
1898-11,0.4669028871391081
1898-12,2.690749113109483
1899-01,2.3052324104648214
1899-02,1.9084501573141122
1899-03,-1.1677927355854711
1899-04,-0.1473228346456512
1899-05,-1.0662687325374378
1899-06,-0.5065354330708285
1899-07,0.9600711201422172
1899-08,-0.36052832105667676
1899-09,-0.8032020997375398
1899-10,-0.9923799847599639
1899-11,2.77023622047244
1899-12,-3.935057338503421
1900-01,0.3471678943357883
1900-02,-0.15226412840017423
1900-03,-2.3645669291338582
1900-04,-1.4673228346456524
1900-05,-1.1243332486664723
1900-06,0.46346456692917215
1900-07,1.0342646685293175
1900-08,-0.021818643637324442
1900-09,0.5267979002624532
1900-10,0.16568453136906847
1900-11,0.2502362204724413
1900-12,2.0488136292385146
1901-01,-3.8979933959867927
1901-02,-3.352264128400174
1901-03,-1.7065024130048267
1901-04,0.4926771653543476
1901-05,0.11760223520449564
1901-06,-0.5598687664041595
1901-07,1.9665227330454442
1901-08,0.08463296926590402
1901-09,0.8134645669291185
1901-10,0.9463296926593898
1901-11,-0.5297637795275598
1901-12,-0.8092508868905175
1902-01,3.205232410464821
1902-02,-2.98797841411446
1902-03,-0.5871475742951486
1902-04,-0.57732283464565
1902-05,-3.4759461518922787
1902-06,0.4734645669291737
1902-07,-2.188315976631978
1902-08,-2.5573025146050643
1902-09,-1.6365354330708808
1902-10,-1.6117348234696394
1902-11,-2.349763779527559
1902-12,-2.2834444352776138
1903-01,0.3826517653035304
1903-02,3.11202158588554
1903-03,2.564465328930657
1903-04,-2.3073228346456505
1903-05,0.6337312674625615
1903-06,-0.29653543307082586
1903-07,-0.8979933959868127
1903-08,-1.75407670815345
1903-09,0.48679790026245584
1903-10,0.4334264668529375
1903-11,0.1735695538057751
1903-12,-1.6060250804389045
1904-01,-0.4528321056642116
1904-02,0.31177528046682124
1904-03,-0.6839217678435352
1904-04,0.832677165354351
1904-05,-0.6211074422148606
1904-06,-0.7032020997374939
1904-07,0.16652273304544352
1904-08,-0.4411734823470006
1904-09,-0.5565354330708789
1904-10,-0.8149606299212557
1904-11,-0.3230971128608928
1904-12,1.5552652421417408
1905-01,-0.9560579121158244
1905-02,1.0048787287426832
1905-03,1.0547879095758201
1905-04,-2.233989501312319
1905-05,0.47566675133352554
1905-06,1.923464566929173
1905-07,0.6407162814325389
1905-08,-0.3089154178308746
1905-09,-0.43653543307087617
1905-10,-3.6827025654051253
1905-11,-1.376430446194227
1905-12,0.06494266149657957
1906-01,1.050393700787401
1906-02,0.40487872874268294
1906-03,-1.293599187198375
1906-04,0.8693438320210163
1906-05,1.2659893319786928
1906-06,-0.14320209973748987
1906-07,0.05684531369060508
1906-08,0.19108458216912894
1906-09,0.22679790026245428
1906-10,0.7656845313690663
1906-11,2.6635695538057735
1906-12,-3.2350573385034207
1907-01,-0.17863855727711497
1907-02,-1.9344069855430308
1907-03,-0.5194056388112775
1907-04,-0.7573228346456515
1907-05,0.20469900939804475
1907-06,-1.1098687664041584
1907-07,-2.4399288798577814
1907-08,-1.6702057404115163
1907-09,-0.13653543307088079
1907-10,3.0721361442722923
1907-11,-1.7397637795275593
1907-12,0.4294587905288374
1908-01,-0.5173482346964697
1908-02,1.670395970121993
1908-03,-0.5806959613919234
1908-04,-1.993989501312318
1908-05,0.23373126746255757
1908-06,1.3634645669291778
1908-07,0.46007112014221363
1908-08,-1.5379476758953903
1908-09,-0.6632020997375427
1908-10,-0.05367030734061373
1908-11,-2.6197637795275597
1908-12,-1.4318315320518082
1909-01,-0.8302514605029215
1909-02,-2.48797841411446
1909-03,-2.364566929133858
1909-04,-0.07732283464565182
1909-05,-1.7501397002793766
1909-06,-1.166535433070825
1909-07,-1.8915417830835874
1909-08,-0.5734315468631301
1909-09,-0.17320209973754608
1909-10,1.917297434594877
1909-11,-1.7497637795275596
1909-12,0.5230071776256122
1910-01,1.6407162814325615
1910-02,2.337021585885539
1910-03,0.9805943611887216
1910-04,0.04934383202101511
1910-05,0.7563119126238522
1910-06,2.2101312335958454
1910-07,-1.101219202438429
1910-08,-0.021818643637324442
1910-09,0.050131233595788416
1910-10,0.417297434594877
1910-11,-1.82976377952756
1910-12,1.5423620163352885
1911-01,1.153619507239014
1911-02,1.829878728742683
1911-03,0.574142748285495
1911-04,-0.03065616797898496
1911-05,2.053086106172236
1911-06,-0.4132020997374912
1911-07,1.0632969265938321
1911-08,2.7168910337820407
1911-09,1.226797900262456
1911-10,-0.15689611379222157
1911-11,0.726902887139107
1911-12,1.771394274399805
1912-01,-2.5334772669545345
1912-02,0.5703959701219936
1912-03,2.3934975869951725
1912-04,0.13934383202101408
1912-05,-1.056591313182599
1912-06,0.3501312335958424
1912-07,1.8407162814325382
1912-08,-1.744399288798613
1912-09,-2.933202099737544
1912-10,-1.7085090170180282
1912-11,-0.22643044619422703
1912-12,3.0907491131094833
1913-01,-0.16573533147066333
1913-02,1.5370215858855398
1913-03,2.332207264414527
1913-04,1.0660104986876817
1913-05,0.9917957835915931
1913-06,-0.17986876640415872
1913-07,-1.5173482346964935
1913-08,-1.3992379984760301
1913-09,0.3801312335957867
1913-10,0.44632969265938804
1913-11,2.7269028871391088
1913-12,1.7810716937546447
1914-01,-0.6528321056642116
1914-02,3.8227358715998245
1914-03,1.251562103124206
1914-04,2.5060104986876794
1914-05,-1.0372364744729214
1914-06,-0.09986876640415687
1914-07,1.8310388620777047
1914-08,1.1781813563626784
1914-09,0.41013123359578607
1914-10,-0.011734823469641498
1914-11,-0.16309711286089268
1914-12,2.5165555647223865
1915-01,0.3826517653035304
1915-02,0.49416444302839735
1915-03,-1.8194056388112778
1915-04,-0.18398950131231917
1915-05,-0.3856235712471143
1915-06,1.3401312335958409
1915-07,-1.104445008890039
1915-08,-1.1121412242824853
1915-09,-0.3832020997375434
1915-10,-1.9891541783083513
1915-11,-2.093097112860893
1915-12,0.7488136292385157
1916-01,3.74716789433579
1916-02,-0.18477644367110968
1916-03,-0.9484378968757943
1916-04,0.8860104986876856
1916-05,0.4659893319786903
1916-06,-2.5132020997374926
1916-07,-1.1592837185674583
1916-08,-0.6314960629921629
1916-09,-1.1498687664042109
1916-10,-0.2375412750825454
1916-11,0.49023622047244064
1916-12,0.33913620988367654
1917-01,-1.581864363728728
1917-02,-3.159406985543032
1917-03,-4.12263144526289
1917-04,-3.037322834645651
1917-05,1.7046990093980448
1917-06,3.923464566929173
1917-07,0.13103886207769833
1917-08,0.9072136144271923
1917-09,0.9034645669291201
1917-10,-1.2827025654051258
1917-11,1.4535695538057745
1917-12,-2.044734757858259
1918-01,0.8891033782067559
1918-02,1.354878728742683
1918-03,0.6257556515113025
1918-04,0.7526771653543474
1918-05,1.6950215900432095
1918-06,-2.3332020997374947
1918-07,-0.4528321056642284
1918-08,-0.6960121920244191
1918-09,-0.9132020997375463
1918-10,0.1269748539497133
1918-11,-0.7630971128608932
1918-12,2.6455878227869016
1919-01,0.9278130556261108
1919-02,-0.9201212712573172
1919-03,-0.8194056388112769
1919-04,-0.8973228346456521
1919-05,0.2401828803657846
1919-06,-0.3032020997374918
1919-07,-2.4205740411481056
1919-08,-1.2185928371857102
1919-09,1.2367979002624505
1919-10,-2.363347726695447
1919-11,-4.5030971128608925
1919-12,-1.2995734675356783
1920-01,2.0278130556261105
1920-02,2.8186718321909594
1920-03,3.064465328930657
1920-04,2.309343832021016
1920-05,0.8563119126238501
1920-06,-0.19986876640416007
1920-07,0.3278130556260912
1920-08,-1.5992379984760348
1920-09,-0.3098687664042057
1920-10,-1.8343154686309342
1920-11,-2.8164304461942256
1920-12,-0.9608637901163237
1921-01,4.308458216916433
1921-02,1.265593014456969
1921-03,2.912852425704851
1921-04,1.1560104986876798
1921-05,1.9917957835915896
1921-06,-1.30320209973749
1921-07,0.3020066040131866
1921-08,0.5523749047497688
1921-09,0.27346456692911936
1921-10,2.043103886207774
1921-11,-3.9564304461942257
1921-12,0.17139427439980537
1922-01,-3.2592837185674375
1922-02,-2.0879784141144606
1922-03,-0.40972821945643734
1922-04,-1.693989501312318
1922-05,0.9788925577851391
1922-06,-0.23320209973749328
1922-07,-1.423799847599721
1922-08,-1.412141224282486
1922-09,-1.7532020997375444
1922-10,-3.7052832105664155
1922-11,-1.0730971128608933
1922-12,1.7455878227869022
1923-01,2.6310388620777236
1923-02,-0.9129784141144595
1923-03,1.5580137160274337
1923-04,-0.6073228346456538
1923-05,-1.5243332486664727
1923-06,-4.336535433070827
1923-07,1.3987807975615674
1923-08,-1.7831089662179718
1923-09,-0.4665354330708755
1923-10,1.265684531369068
1923-11,-1.4164304461942265
1923-12,-3.3898960481808396
1924-01,-2.4044450088900184
1924-02,-2.7606385126366275
1924-03,-1.5452120904241808
1924-04,-1.8073228346456505
1924-05,0.8563119126238536
1924-06,-0.2665354330708283
1924-07,-0.5463804927610099
1924-08,-1.6089154178308718
1924-09,0.2901312335957904
1924-10,0.5043942087884208
1924-11,-0.859763779527559
1924-12,1.3359104034320626
1925-01,3.095554991109982
1925-02,2.9691644430283977
1925-03,-1.729083058166117
1925-04,0.9560104986876823
1925-05,2.475666751333531
1925-06,-0.7032020997374904
1925-07,1.8149098298196407
1925-08,-0.015367030734097398
1925-09,-2.1065354330708743
1925-10,-0.3891541783083525
1925-11,-2.113097112860893
1925-12,-2.528605725600195
1926-01,-0.0850901701803406
1926-02,2.6584501573141117
1926-03,0.4838201676403342
1926-04,1.9560104986876805
1926-05,-1.4888493776987293
1926-06,-0.9232020997374946
1926-07,1.1891033782067346
1926-08,-0.49278638557280985
1926-09,0.8601312335957889
1926-10,-1.8246380492760945
1926-11,1.31023622047244
1926-12,0.6165555647223862
1927-01,2.5278130556261114
1927-02,0.45845015731411176
1927-03,3.103175006350013
1927-04,-0.9773228346456522
1927-05,-2.395300990601953
1927-06,-2.3565354330708264
1927-07,0.6923291846583446
1927-08,0.31366522733041435
1927-09,0.060131233595791755
1927-10,0.47213614427229444
1927-11,-2.3897637795275593
1927-12,-4.351186370761486
1928-01,0.895554991109982
1928-02,1.987637349432338
1928-03,-0.7548895097790198
1928-04,-0.05732283464565224
1928-05,-1.5372364744729197
1928-06,-2.0265354330708245
1928-07,-0.4883159766319771
1928-08,-1.0831089662179707
1928-09,-0.809868766404211
1928-10,-0.008509017018029752
1928-11,2.2902362204724414
1928-12,-1.1060250804389042
1929-01,-3.8237998475996964
1929-02,-10.01297841411446
1929-03,-1.712954025908052
1929-04,-3.3806561679789846
1929-05,0.9788925577851426
1929-06,-1.5498687664041597
1929-07,-0.34638049276101057
1929-08,0.12334264668525918
1929-09,1.6734645669291233
1929-10,0.3398780797561649
1929-11,0.3902362204724401
1929-12,2.213329758270774
1930-01,2.7600711201422405
1930-02,-0.7129784141144597
1930-03,-0.3065024130048264
1930-04,0.6493438320210139
1930-05,-0.5275590551180844
1930-06,2.7434645669291733
1930-07,-0.24960629921262267
1930-08,-0.5024638049276504
1930-09,-0.223202099737545
1930-10,0.19794259588519658
1930-11,1.1135695538057746
1930-12,-0.4931218546324527
1931-01,0.6439420878841751
1931-02,-0.8558355569716026
1931-03,-2.6645669291338585
1931-04,-0.9873228346456528
1931-05,3.711150622301272
1931-06,0.17346456692917656
1931-07,0.2794259588518919
1931-08,-0.37343154686313085
1931-09,-1.9798687664042074
1931-10,-0.6310896621793205
1931-11,0.7769028871391077
1931-12,-0.09312185463245282
1932-01,2.702006604013207
1932-02,-0.1606385126366272
1932-03,-1.9355346710693424
1932-04,-0.020656167978985174
1932-05,1.7950215900432092
1932-06,0.7701312335958477
1932-07,2.5955549911099602
1932-08,2.5426974853949282
1932-09,1.0101312335957875
1932-10,-0.2052832105664173
1932-11,0.4669028871391081
1932-12,0.9262329840772248
1933-01,-1.6657353314706635
1933-02,0.27987872874268316
1933-03,2.6193040386080773
1933-04,0.07267716535434854
1933-05,0.8434086868173996
1933-06,1.4834645669291753
1933-07,1.7891033782067325
1933-08,1.0233426466852542
1933-09,1.4667979002624545
1933-10,0.7302006604013282
1933-11,-0.9897637795275602
1933-12,-3.6382831449550332
1934-01,1.1568453136906272
1934-02,2.2084501573141115
1934-03,1.2934975869951746
1934-04,3.459343832021016
1934-05,1.7498602997206234
1934-06,1.9267979002625069
1934-07,1.9020066040131844
1934-08,0.6426974853949332
1934-09,2.713464566929126
1934-10,1.1366522733045485
1934-11,0.5102362204724402
1934-12,2.810103951819162
1935-01,-0.07863855727711477
1935-02,2.144164443028397
1935-03,-0.18714757429514872
1935-04,0.31267716535434786
1935-05,-1.3211074422148599
1935-06,2.046797900262508
1935-07,0.5181356362712428
1935-08,0.06205232410461292
1935-09,0.4967979002624556
1935-10,0.07213614427229054
1935-11,1.1769028871391072
1935-12,-0.18021862882600104
1936-01,2.9213614427228847
1936-02,-1.1296040298780066
1936-03,0.6676911353822703
1936-04,-2.2273228346456504
1936-05,-1.3146558293116328
1936-06,1.5901312335958444
1936-07,-0.017348234696491716
1936-08,-0.43472186944377
1936-09,-0.7532020997375444
1936-10,-2.214960629921256
1936-11,-0.39643044619422696
1936-12,0.7584910485933531
1937-01,-2.1625095250190505
1937-02,1.1548787287426836
1937-03,-1.6226314452628907
1937-04,0.8626771653543504
1937-05,1.756311912623854
1937-06,0.5434645669291776
1937-07,-0.039928879857779265
1937-08,0.6975361950723595
1937-09,-0.213202099737547
1937-10,1.0753619507239076
1937-11,-1.4564304461942266
1937-12,-2.1995734675356786
1938-01,2.363296926593853
1938-02,1.0298787287426832
1938-03,3.461239522479044
1938-04,-1.8406561679789846
1938-05,-1.4856235712471175
1938-06,-0.1698687664041607
1938-07,-0.585090170180365
1938-08,1.8814071628142877
1938-09,1.0401312335957869
1938-10,-0.1762509525019027
1938-11,2.886902887139108
1938-12,-2.9189283062453564
1939-01,2.4987807975615945
1939-02,1.8048787287426826
1939-03,-1.2677927355854708
1939-04,0.20934383202101436
1939-05,-1.1501397002793752
1939-06,1.4501312335958403
1939-07,0.3826517653035104
1939-08,1.087858775717514
1939-09,0.16013123359578785
1939-10,-2.921412242824478
1939-11,0.8169028871391069
1939-12,-2.9479605643098723
1940-01,-9.191541783083565
1940-02,-7.7399488574642135
1940-03,-1.6613411226822459
1940-04,-0.737322834645652
1940-05,0.31760223520449316
1940-06,1.9001312335958431
1940-07,-0.7237998475997216
1940-08,-1.870205740411519
1940-09,-1.7965354330708774
1940-10,-1.3310896621793198
1940-11,1.096902887139108
1940-12,-2.851186370761485
1941-01,-6.694767589535179
1941-02,-2.1058355569716025
1941-03,-1.6032766065532131
1941-04,-2.6706561679789855
1941-05,-2.6211074422148606
1941-06,0.8734645669291758
1941-07,2.424587249174479
1941-08,-1.6992379984760309
1941-09,-1.2432020997375481
1941-10,-1.2697993395986735
1941-11,-2.1730971128608934
1941-12,0.9810716937546458
1942-01,-7.76250952501905
1942-02,-6.577264128400174
1942-03,-4.303276606553213
1942-04,-0.7406561679789831
1942-05,-0.7759461518922794
1942-06,-1.7465354330708216
1942-07,-1.2205740411481045
1942-08,1.5685039370078364
1942-09,0.5101312335957893
1942-10,1.5366522733045525
1942-11,-0.5764304461942249
1942-12,1.4907491131094823
1943-01,-0.6528321056642115
1943-02,2.7334501573141123
1943-03,2.006400812801626
1943-04,1.5393438320210162
1943-05,0.3111506223012679
1943-06,-0.80320209973749
1943-07,0.16329692659383
1943-08,0.2459232918465517
1943-09,0.016797900262456977
1943-10,0.8302006604013226
1943-11,-1.4530971128608927
1943-12,-0.9447347578582594
1944-01,3.4858775717551427
1944-02,-0.3020178229814545
1944-03,-1.903276606553213
1944-04,0.4993438320210153
1944-05,-1.0791719583438901
1944-06,-1.3432020997374927
1944-07,0.6697485394970535
1944-08,2.8394716789433225
1944-09,-0.8398687664042086
1944-10,-0.40850901701802833
1944-11,-0.20643044619422657
1944-12,-1.544734757858259
1945-01,-2.4560579121158246
1945-02,2.983450157314112
1945-03,2.419304038608078
1945-04,0.39267716535434793
1945-05,0.7498602997206234
1945-06,0.4967979002625036
1945-07,0.16652273304544352
1945-08,-0.23149606299216074
1945-09,-0.44320209973754743
1945-10,1.104394208788424
1945-11,-0.3697637795275597
1945-12,0.048813629238515066
1946-01,-1.243154686309373
1946-02,1.5477358715998255
1946-03,-0.8613411226822452
1946-04,1.5026771653543491
1946-05,0.8788925577851412
1946-06,-0.9832020997374915
1946-07,1.1310388620776983
1946-08,-0.4024638049276419
1946-09,0.7134645669291206
1946-10,-2.160121920243837
1946-11,-0.039763779527559606
1946-12,-3.1705412094711627
1947-01,-5.139928879857761
1947-02,-8.366549842685886
1947-03,-3.1613411226822454
1947-04,0.5026771653543474
1947-05,2.3369570739141707
1947-06,2.2934645669291776
1947-07,0.5116840233680229
1947-08,1.4362458724917069
1947-09,2.31013123359579
1947-10,-1.5730251460502869
1947-11,0.5535695538057759
1947-12,0.7101039518191605
1948-01,1.8923291846583692
1948-02,-0.03650058160214442
1948-03,1.2967233934467872
1948-04,2.246010498687683
1948-05,0.2240538481077241
1948-06,-0.14986876640415758
1948-07,-0.4496062992126184
1948-08,-0.42827025654055006
1948-09,0.5701312335957898
1948-10,-0.26334772669544826
1948-11,0.033569553805773644
1948-12,0.3294587905288373
1949-01,1.918135636271272
1949-02,2.069164443028397
1949-03,-1.6258572517145033
1949-04,1.599343832021015
1949-05,-0.5436880873761467
1949-06,-1.6632020997374877
1949-07,-1.0528321056642298
1949-08,-0.8798831597663561
1949-09,2.5901312335957876
1949-10,1.5269748539497154
1949-11,0.13023622047244032
1949-12,2.0068781453675477
1950-01,-0.6496062992125989
1950-02,2.0405930144569693
1950-03,1.4483362966725926
1950-04,-1.110656167978985
1950-05,0.18534417068836362
1950-06,1.3234645669291787
1950-07,-0.5108966217932647
1950-08,0.707213614427193
1950-09,-0.6832020997375423
1950-10,-1.247218694437386
1950-11,-0.3430971128608924
1950-12,-2.7995734675356783
1951-01,0.8632969265938533
1951-02,0.4655930144569691
1951-03,-1.7935991871983745
1951-04,-0.647322834645653
1951-05,-1.3953009906019531
1951-06,-0.10320209973749606
1951-07,-1.094767589535202
1951-08,0.2910845821691268
1951-09,0.8934645669291186
1951-10,-2.298831597663191
1951-11,2.1435695538057757
1951-12,2.4520394356901285
1952-01,0.4955549911099826
1952-02,0.21522355632889023
1952-03,-2.032308864617729
1952-04,2.596010498687681
1952-05,-0.42110744221485596
1952-06,-1.4832020997374968
1952-07,-0.9721869443739131
1952-08,-0.28310896621796644
1952-09,-3.296535433070879
1952-10,-2.095605791211576
1952-11,-2.989763779527559
1952-12,-1.7253799191485817
1953-01,0.27297434594869163
1953-02,-0.9022641284001734
1953-03,0.735433070866141
1953-04,0.6760104986876794
1953-05,0.34018288036578426
1953-06,1.1701312335958427
1953-07,-0.28831597663197783
1953-08,-0.537947675895385
1953-09,-1.106535433070876
1953-10,1.5205232410464848
1953-11,1.760236220472442
1953-12,1.3939749195610958
1954-01,-2.1044450088900177
1954-02,-5.220121271257318
1954-03,-0.032308864617729416
1954-04,-2.153989501312319
1954-05,0.136957073914175
1954-06,0.046797900262506076
1954-07,-2.9721869443739095
1954-08,-1.3056896113792593
1954-09,-0.6798687664042102
1954-10,1.2269748539497094
1954-11,-0.3530971128608922
1954-12,2.0197813711739983
1955-01,-1.6850901701803407
1955-02,-3.28797841411446
1955-03,-3.851663703327407
1955-04,-1.077322834645651
1955-05,-2.6211074422148624
1955-06,-1.8865354330708257
1955-07,0.5471678943357681
1955-08,0.9330200660400969
1955-09,0.16013123359578962
1955-10,-0.6375412750825458
1955-11,0.2802362204724398
1955-12,1.0101039518191604
1956-01,-0.08831597663195379
1956-02,-8.753741960912487
1956-03,-0.7871475742951488
1956-04,-3.0506561679789854
1956-05,0.13695707391417677
1956-06,-2.0098687664041606
1956-07,-0.21734823469649456
1956-08,-3.389560579121195
1956-09,0.11346456692912099
1956-10,-0.58915417830835
1956-11,-1.1064304461942256
1956-12,1.4552652421417411
1957-01,1.7794259588519168
1957-02,2.81202158588554
1957-03,1.758013716027432
1957-04,-0.6939895013123172
1957-05,-2.6178816357632435
1957-06,0.5534645669291791
1957-07,0.1342646685293154
1957-08,-1.4185928371857113
1957-09,-2.2765354330708814
1957-10,0.5689103378206806
1957-11,0.5835695538057744
1957-12,-0.58989604818084
1958-01,-0.6592837185674375
1958-02,0.04416444302839739
1958-03,-3.7677927355854712
1958-04,-2.787322834645652
1958-05,0.017602235204497774
1958-06,-1.1965354330708227
1958-07,-0.975412750825523
1958-08,-0.40891541783086893
1958-09,1.0067979002624554
1958-10,1.0108458216916478
1958-11,-0.27643044619422596
1958-12,1.3810716937546443
1959-01,-0.3141224282448568
1959-02,-0.8701212712573172
1959-03,2.403175006350013
1959-04,1.6660104986876796
1959-05,0.004699009398041909
1959-06,0.21013123359584007
1959-07,1.7923291846583425
1959-08,0.8910845821691353
1959-09,-0.19653543307087773
1959-10,0.0818135636271311
1959-11,-1.0230971128608934
1959-12,0.6520394356901273
1960-01,0.48265176530353027
1960-02,-0.7468454091883513
1960-03,0.01607823215646409
1960-04,-1.0106561679789854
1960-05,0.22727965455933585
1960-06,0.2767979002625083
1960-07,-1.7947675895351978
1960-08,-1.3314960629921586
1960-09,-0.833202099737548
1960-10,-0.16979933959867566
1960-11,1.556902887139107
1960-12,0.18752330665786987
1961-01,-0.9625095250190507
1961-02,3.601307300171253
1961-03,2.1612395224790433
1961-04,2.369343832021011
1961-05,-2.0082042164084104
1961-06,0.7001312335958403
1961-07,-2.159283718567462
1961-08,-1.5895605791211942
1961-09,2.0134645669291213
1961-10,1.781813563627134
1961-11,-0.5330971128608928
1961-12,-2.7898960481808395
1962-01,2.189103378206756
1962-02,0.36916444302839757
1962-03,-3.3968249936499872
1962-04,-0.45398950131231786
1962-05,-2.927559055118083
1962-06,-1.9132020997374912
1962-07,-3.1915417830835935
1962-08,-2.260528321056679
1962-09,-1.42653543307088
1962-10,0.7011684023368101
1962-11,-1.0530971128608928
1962-12,-4.067315403019549
1963-01,-6.720574041148083
1963-02,-5.959406985543032
1963-03,-1.4065024130048265
1963-04,-0.12732283464565075
1963-05,-0.37917195834389084
1963-06,0.44679790026251
1963-07,-0.1657353314706853
1963-08,-0.7185928371857067
1963-09,-0.559868766404211
1963-10,-0.6633477266954486
1963-11,2.813569553805775
1963-12,-3.4769928223743882
1964-01,-1.3367030734061474
1964-02,-0.2778798919469718
1964-03,-3.7194056388112777
1964-04,0.8360104986876831
1964-05,0.5595377190754611
1964-06,0.47013123359583986
1964-07,-0.9334772669545579
1964-08,-1.2218186436373255
1964-09,-0.03653543307087759
1964-10,-1.8988315976631895
1964-11,0.5035695538057752
1964-12,-0.7447347578582582
1965-01,1.5632969265938534
1965-02,-0.9451212712573167
1965-03,-1.2516637033274067
1965-04,-1.0539895013123175
1965-05,-1.450139700279374
1965-06,-0.5232020997374924
1965-07,-2.9947675895352006
1965-08,-2.189560579121192
1965-09,-0.2232020997375468
1965-10,-0.36012192024383616
1965-11,-3.786430446194226
1965-12,0.5617168550449665
1966-01,-2.062509525019051
1966-02,-0.03797841411445968
1966-03,0.12898145796291605
1966-04,-1.2206561679789862
1966-05,0.7788925577851415
1966-06,1.6634645669291785
1966-07,-1.5173482346964917
1966-08,-1.366979933959902
1966-09,-0.6698687664042122
1966-10,1.452781305562615
1966-11,-1.4664304461942264
1966-12,0.6907491131094825
1967-01,1.1278130556261106
1967-02,2.68702158588554
1967-03,2.248336296672594
1967-04,-1.5173228346456513
1967-05,0.43050546101095044
1967-06,-0.6432020997374917
1967-07,0.40845821691640793
1967-08,-0.4927863855728063
1967-09,0.48013123359578813
1967-10,1.9011684023368112
1967-11,0.31690288713910775
1967-12,-0.11570249979374236
1968-01,-0.8076708153416309
1968-02,-0.4192592022917997
1968-03,1.1999491998983993
1968-04,1.4660104986876803
1968-05,-1.853365506730988
1968-06,1.0967979002625015
1968-07,-1.2108966217932675
1968-08,0.6620523241046108
1968-09,0.7634645669291213
1968-10,1.7785877571755186
1968-11,0.5935695538057741
1968-12,-3.2350573385034203
1969-01,0.8568453136906267
1969-02,-2.727264128400174
1969-03,-4.148437896875794
1969-04,-0.9639895013123168
1969-05,-0.5888493776987307
1969-06,0.5067979002625123
1969-07,0.9245872491744755
1969-08,1.0394716789433183
1969-09,0.3801312335957885
1969-10,1.2076200152400318
1969-11,0.8435695538057741
1969-12,-5.6286057256001945
1970-01,-3.3786385572771143
1970-02,-2.1058355569716025
1970-03,-2.080695961391923
1970-04,-3.113989501312318
1970-05,-1.2340106680213108
1970-06,1.6034645669291763
1970-07,-1.3754127508255252
1970-08,-0.15085090170184046
1970-09,-0.646535433070877
1970-10,0.3140716281432603
1970-11,1.2469028871391075
1970-12,0.18429750020625635
1971-01,-0.09476758953517916
1971-02,1.7084501573141124
1971-03,-2.135534671069342
1971-04,-0.9339895013123174
1971-05,1.330505461010949
1971-06,-1.219868766404156
1971-07,0.2697485394970549
1971-08,0.6781813563626784
1971-09,-1.0765354330708785
1971-10,0.3753619507239083
1971-11,-0.2130971128608925
1971-12,3.245587822786902
1972-01,-3.2657353314706636
1972-02,0.8083270046047519
1972-03,1.5999491998983997
1972-04,-0.45065616797898667
1972-05,-0.49852679705356984
1972-06,-0.7365354330708236
1972-07,0.5116840233680229
1972-08,-0.8766573533147408
1972-09,-2.7032020997375454
1972-10,-1.7762509525018997
1972-11,0.6369028871391071
1972-12,1.1101039518191604
1973-01,1.153619507239014
1973-02,1.540593014456968
1973-03,1.2547879095758185
1973-04,-2.527322834645651
1973-05,-0.2823977647955047
1973-06,0.8767979002625097
1973-07,0.5245872491744734
1973-08,-0.005689611379260384
1973-09,0.13679790026245442
1973-10,-1.7697993395986735
1973-11,-0.9630971128608938
1973-12,-0.4318315320518076
1974-01,3.589103378206756
1974-02,3.0155930144569694
1974-03,1.14511049022098
1974-04,0.22267716535434623
1974-05,-1.4275590551180848
1974-06,-1.1865354330708282
1974-07,-2.578638557277136
1974-08,-0.3153670307340981
1974-09,-0.39320209973754494
1974-10,-2.4052832105664157
1974-11,1.0969028871391062
1974-12,3.981071693754645
1975-01,5.489103378206757
1975-02,0.6798787287426833
1975-03,-0.03230886461772853
1975-04,-1.1506561679789833
1975-05,-1.379171958343889
1975-06,-0.629868766404158
1975-07,1.2052324104647987
1975-08,2.7975361950723503
1975-09,1.746797900262452
1975-10,-1.1407670815341593
1975-11,-0.8030971128608932
1975-12,1.642362016335289
1976-01,0.8536195072390138
1976-02,-0.31925920229179927
1976-03,-2.764566929133858
1976-04,-0.9773228346456513
1976-05,0.2176022352044953
1976-06,1.3467979002625086
1976-07,1.8471678943357617
1976-08,-0.04439928879861199
1976-09,-0.3732020997375418
1976-10,0.6527813055626144
1976-11,1.0735695538057746
1976-12,-1.8963476610840657
1977-01,0.0858775717551431
1977-02,1.901307300171255
1977-03,2.0451104902209796
1977-04,-1.853989501312319
1977-05,-0.6404622809245346
1977-06,-0.09320209973749094
1977-07,-1.2592837185674632
1977-08,-0.7314960629921572
1977-09,-1.6232020997375436
1977-10,1.546329692659393
1977-11,0.930236220472441
1977-12,1.7746200808514185
1978-01,1.0987807975615946
1978-02,-1.8879784141144595
1978-03,1.016078232156464
1978-04,-2.483989501312318
1978-05,0.07244094488191521
1978-06,-0.0365354330708243
1978-07,-1.8173482346964942
1978-08,-1.121818643637324
1978-09,-1.5665354330708805
1978-10,1.0689103378206788
1978-11,1.6635695538057735
1978-12,-2.2737670159227754
1979-01,-4.943154686309374
1979-02,-4.009406985543032
1979-03,-1.0065024130048257
1979-04,-1.0139895013123192
1979-05,0.0401828803657871
1979-06,0.45679790026251155
1979-07,-2.5012192024384294
1979-08,-1.1734315468631262
1979-09,-0.6498687664042109
1979-10,-0.5601219202438372
1979-11,0.06690288713910775
1979-12,2.0972007260127086
1980-01,-3.0625095250190517
1980-02,0.36349941839785593
1980-03,-1.4548895097790195
1980-04,-1.1306561679789855
1980-05,-1.846913893827761
1980-06,-0.3532020997374943
1980-07,-1.9560579121158455
1980-08,-0.4508509017018376
1980-09,0.29679790026245456
1980-10,-0.7794767589535141
1980-11,-0.4997637795275578
1980-12,-0.01570249979374294
1981-01,-0.8915417830835666
1981-02,-0.08797841411445972
1981-03,2.187045974091948
1981-04,-0.35732283464565207
1981-05,1.6821183642367536
1981-06,-0.706535433070826
1981-07,-0.965735331470686
1981-08,-0.36375412750829383
1981-09,0.4601312335957868
1981-10,-1.3762509525018984
1981-11,0.30356955380577233
1981-12,-5.315702499793743
1982-01,-3.2754127508255024
1982-02,-0.3129784141144599
1982-03,0.7193040386080769
1982-04,-0.5373228346456518
1982-05,-0.2372364744729225
1982-06,0.6134645669291778
1982-07,1.3826517653035069
1982-08,0.6007620015239645
1982-09,1.32346456692912
1982-10,1.0108458216916478
1982-11,1.9502362204724397
1982-12,0.7649426614965797
1983-01,4.511684023368046
1983-02,-1.6986926998287453
1983-03,0.870916941833884
1983-04,0.5893438320210134
1983-05,-0.4404622809245353
1983-06,0.6767979002625069
1983-07,2.4084582169164115
1983-08,1.8685039370078407
1983-09,0.42679790026245534
1983-10,0.5302006604013272
1983-11,0.2502362204724413
1983-12,-0.35118637076148507
1984-01,1.4213614427228847
1984-02,-0.49856954711938595
1984-03,-1.454889509779019
1984-04,0.09267716535434989
1984-05,-0.48884937769873105
1984-06,-2.0765354330708288
1984-07,-1.7173482346964963
1984-08,0.8749555499110677
1984-09,-1.1865354330708762
1984-10,1.73987807975616
1984-11,0.5135695538057741
1984-12,-0.022154112696969097
1985-01,-5.497993395986791
1985-02,-3.620121271257317
1985-03,-0.6581153162306319
1985-04,-0.07398950131231885
1985-05,0.7401828803657864
1985-06,-1.2632020997374926
1985-07,-0.0818643637287515
1985-08,-0.5185928371857109
1985-09,-0.5965354330708781
1985-10,0.6527813055626162
1985-11,-2.936430446194227
1985-12,2.535910403432066
1986-01,-0.678638557277115
1986-02,-6.116549842685888
1986-03,-0.3839217678435345
1986-04,-1.443989501312319
1986-05,1.443408686817401
1986-06,0.7267979002625076
1986-07,-0.030251460502945804
1986-08,-1.0798831597663536
1986-09,-2.7132020997375434
1986-10,0.7753619507239069
1986-11,2.5235695538057747
1986-12,1.077845887303031
1987-01,-5.917348234696471
1987-02,-0.6308355569716028
1987-03,-3.574244348488697
1987-04,1.4393438320210148
1987-05,-2.337236474472924
1987-06,-2.1565354330708235
1987-07,-0.6496062992126248
1987-08,-1.5153670307340956
1987-09,-0.21653543307088263
1987-10,0.5753619507239041
1987-11,1.8802362204724394
1987-12,0.9262329840772257
1988-01,3.9794259588519156
1988-02,2.153154590811648
1988-03,-0.6710185420370847
1988-04,-0.05732283464565047
1988-05,1.85631191262385
1988-06,-0.20320209973749215
1988-07,-0.2560579121158497
1988-08,-0.08633477266958067
1988-09,0.1301312335957885
1988-10,0.3592329184658425
1988-11,-0.38309711286089243
1988-12,2.6359104034320637
1989-01,3.821361442722884
1989-02,3.733450157314112
1989-03,3.338658877317754
1989-04,-0.5906561679789855
1989-05,1.543408686817397
1989-06,0.990131233595843
1989-07,0.35361950723899227
1989-08,0.07818135636267698
1989-09,1.473464566929124
1989-10,1.7463296926593888
1989-11,-0.8497637795275601
1989-12,0.8036523389159345
1990-01,4.143942087884174
1990-02,5.554878728742681
1990-03,3.6483362966725936
1990-04,0.4426771653543504
1990-05,1.6917957835915924
1990-06,-0.20653543307082423
1990-07,-0.8076708153416519
1990-08,1.5814071628142905
1990-09,-1.1598687664042053
1990-10,1.743103886207777
1990-11,0.48023622047244086
1990-12,0.6875233066578699
1991-01,2.31490982981966
1991-02,-2.5701212712573174
1991-03,3.1580137160274324
1991-04,-0.14398950131231913
1991-05,-2.3856235712471143
1991-06,-2.346535433070823
1991-07,1.8245872491744741
1991-08,0.8394716789433225
1991-09,0.9234645669291215
1991-10,-0.10205740411480058
1991-11,0.006902887139106362
1991-12,0.5552652421417403
1992-01,1.6987807975615943
1992-02,3.4255683839150968
1992-03,1.774142748285498
1992-04,0.342677165354349
1992-05,2.253086106172237
1992-06,3.4267979002625104
1992-07,1.66329692659383
1992-08,1.1685039370078378
1992-09,0.2834645669291227
1992-10,-2.3730251460502867
1992-11,0.9735695538057723
1992-12,0.8488136292385158
1993-01,2.598780797561595
1993-02,0.008450157314111584
1993-03,0.5160782321564641
1993-04,2.572677165354346
1993-05,1.862763525527079
1993-06,-0.34320209973749094
1993-07,-1.4721869443739095
1993-08,-1.7314960629921607
1993-09,-1.489868766404209
1993-10,-0.9859283718567387
1993-11,-3.733097112860893
1993-12,1.6359104034320637
1994-01,3.2826517653035308
1994-02,-1.6665498426858885
1994-03,1.7967233934467863
1994-04,1.2860104986876806
1994-05,0.3014732029464291
1994-06,-0.47986876640415943
1994-07,4.7794259588518955
1994-08,1.0781813563626699
1994-09,-0.3298687664042106
1994-10,-1.2601219202438347
1994-11,2.793569553805775
1994-12,2.455265242141741
1995-01,0.7729743459486917
1995-02,4.026307300171252
1995-03,-0.14843789687579312
1995-04,0.3793438320210143
1995-05,-0.2469138938277613
1995-06,-0.6865354330708229
1995-07,2.6891033782067346
1995-08,2.8459232918465496
1995-09,-0.12320209973754537
1995-10,2.8431038862077784
1995-11,-0.819763779527559
1995-12,-4.480218628826001
1996-01,-3.568961137922276
1996-02,-3.28477644367111
1996-03,-2.7839217678435357
1996-04,0.9026771653543513
1996-05,-1.8211074422148599
1996-06,-0.7665354330708265
1996-07,-1.356057912115844
1996-08,1.720116840233647
1996-09,-1.9865354330708804
1996-10,0.36568453136906776
1996-11,0.12023622047243965
1996-12,-3.03505733850342
1997-01,-2.0334772669545336
1997-02,3.979878728742683
1997-03,1.5096266192532388
1997-04,-1.1173228346456519
1997-05,-0.3727203454406691
1997-06,0.576797900262509
1997-07,0.5923291846583467
1997-08,4.278181356362673
1997-09,-0.20320209973754544
1997-10,-1.5504445008889967
1997-11,-0.6530971128608929
1997-12,1.0326845969804506
1998-01,3.23749047498095
1998-02,4.901307300171254
1998-03,1.8676911353822705
1998-04,1.096010498687681
1998-05,1.2434086868173964
1998-06,0.5267979002625083
1998-07,-1.6560579121158518
1998-08,-0.7960121920244205
1998-09,0.1367979002624562
1998-10,-0.5859283718567365
1998-11,-2.7530971128608934
1998-12,-0.27054120947116234
1999-01,3.1020066040132073
1999-02,0.5977358715998262
1999-03,2.170916941833884
1999-04,1.552677165354348
1999-05,0.8272796545593337
1999-06,-0.04986876640415794
1999-07,1.9439420878841496
1999-08,0.8523749047497731
1999-09,4.210131233595789
1999-10,0.33342646685293964
1999-11,0.35356955380577393
1999-12,1.3778458873030313
2000-01,2.5955549911099824
2000-02,3.604878728742683
2000-03,1.3676911353822714
2000-04,2.4526771653543484
2000-05,2.049860299720624
2000-06,0.466797900262506
2000-07,-1.7786385572771355
2000-08,0.00076200152396666
2000-09,0.36679790026245485
2000-10,1.930200660401324
2000-11,2.480236220472438
2000-12,1.9004265324643197
2001-01,0.8600711201422402
2001-02,1.0013073001712547
2001-03,-0.8516637033274073
2001-04,-0.3106561679789852
2001-05,1.004699009398042
2001-06,-1.63320209973749
2001-07,1.2503937007873773
2001-08,1.5814071628142905
2001-09,-1.0132020997375442
2001-10,3.4979425958851973
2001-11,0.38690288713910803
2001-12,-1.4060250804389045
2002-01,2.8826517653035304
2002-02,4.333450157314113
2002-03,1.4967233934467856
2002-04,0.4626771653543482
2002-05,1.4401828803657857
2002-06,1.1034645669291727
2002-07,0.20523241046479868
2002-08,3.1297942595884827
2002-09,1.0134645669291213
2002-10,-1.3568961137922244
2002-11,-0.1697637795275586
2002-12,-2.6673154030195496
2003-01,-0.043154686309372914
2003-02,-1.9665498426858885
2003-03,1.122529845059689
2003-04,0.8860104986876802
2003-05,0.8466344932690113
2003-06,2.1134645669291743
2003-07,1.9858775717551218
2003-08,2.5330200660400983
2003-09,0.603464566929123
2003-10,-3.3827025654051255
2003-11,2.2902362204724405
2003-12,1.2455878227869008
2004-01,-0.1334772669545341
2004-02,2.208327004604752
2004-03,0.8934975869951742
2004-04,1.852677165354347
2004-05,-0.46304292608582287
2004-06,-0.7498687664041608
2004-07,-1.1947675895352035
2004-08,1.978181356362679
2004-09,0.6401312335957883
2004-10,1.0011684023368108
2004-11,0.2935695538057752
2004-12,1.3713942743998047
2005-01,3.2084582169164344
2005-02,-0.6022641284001742
2005-03,-0.22585725171450344
2005-04,1.4326771653543506
2005-05,0.13050546101094973
2005-06,0.016797900262506715
2005-07,0.9084582169164115
2005-08,-0.8540767081534533
2005-09,1.5867979002624573
2005-10,2.2495554991110023
2005-11,0.5435695538057717
2005-12,0.4326845969804505
2006-01,-2.0173482346964695
2006-02,0.008450157314112028
2006-03,-2.883921767843536
2006-04,0.016010498687681007
2006-05,0.824053848107722
2006-06,1.0134645669291764
2006-07,4.87942595885189
2006-08,0.02334264668525421
2006-09,3.780131233595789
2006-10,3.578587757175516
2006-11,3.180236220472441
2006-12,4.68752330665787
2007-01,5.002006604013205
2007-02,2.715593014456969
2007-03,3.370916941833884
2007-04,3.4460104986876807
2007-05,1.1111506223012704
2007-06,1.5367979002625098
2007-07,-0.49799339598681414
2007-08,0.5168910337820307
2007-09,-0.17986876640421023
2007-10,-0.31496062992125395
2007-11,0.16356955380577265
2007-12,1.3552652421417402
2008-01,4.227813055626109
2008-02,3.560051142535786
2008-03,0.9160782321564644
2008-04,0.07267716535434765
2008-05,2.007924815849657
2008-06,1.1901312335958423
2008-07,1.0536195072389951
2008-08,0.574955549911067
2008-09,-0.04320209973754352
2008-10,0.6656845313690667
2008-11,1.5802362204724405
2008-12,0.6649426614965788
2009-01,-0.22057404114808282
2009-02,0.6084501573141117
2009-03,1.4386588773177547
2009-04,4.459343832021016
2009-05,0.6530861061722391
2009-06,-1.243202099737493
2009-07,0.9987807975615723
2009-08,1.800762001523971
2009-09,1.1567979002624593
2009-10,-1.014960629921255
2009-11,3.7302362204724417
2009-12,-1.080218628826001
2010-01,-3.830251460502922
2010-02,-1.6344069855430312
2010-03,0.8741427482854958
2010-04,1.046010498687684
2010-05,-2.537236474472923
2010-06,0.11346456692917606
2010-07,3.7407162814325368
2010-08,0.33624587249171256
2010-09,-0.49986876640421407
2010-10,0.05278130556261651
2010-11,-0.11976377952755968
2010-12,-5.473767015922776
2011-01,1.4020066040132075
2011-02,0.17630730017125495
2011-03,0.4870459740919477
2011-04,3.88267716535435
2011-05,1.2950215900432056
2011-06,1.0567979002625094
2011-07,-0.5625095250190739
2011-08,0.34269748539493605
2011-09,1.533464566929121
2011-10,0.8656845313690678
2011-11,0.7135695538057725
2011-12,2.819781371174
2012-01,2.076200152400305
2012-02,-1.1916729953952478
2012-03,3.225755651511303
2012-04,-0.050656167978984534
2012-05,1.1821183642367536
2012-06,-1.0332020997374904
2012-07,-0.23670307340617214
2012-08,1.06850393700784
2012-09,-0.08653543307087652
2012-10,0.18826517653035957
2012-11,1.063569553805774
2012-12,-0.39312185463245286
2013-01,0.5632969265938526
2013-02,-0.6201212712573169
2013-03,-4.3742443484886975
2013-04,-0.29398950131231505
2013-05,0.12405384810771913
2013-06,-0.33986876640416064
2013-07,1.5149098298196364
2013-08,1.1588265176530008
2013-09,-0.30653543307087716
2013-10,2.033426466852937
2013-11,0.8835695538057724
2013-12,3.223007177625611
2014-01,0.9632969265938534
2014-02,4.054878728742683
2014-03,3.3934975869951725
2014-04,2.6993438320210146
2014-05,0.17244094488191486
2014-06,0.2901312335958419
2014-07,3.043942087884151
2014-08,-0.41214122428248956
2014-09,2.110131233595789
2014-10,3.607620015240034
2014-11,2.1969028871391068
2014-12,1.371394274399805
2015-01,2.485877571755143
2015-02,1.0941644430283972
2015-03,1.951562103124206
2015-04,0.3193438320210138
2015-05,-1.1404622809245364
2015-06,-0.7498687664041608
2015-07,0.4729743459486677
2015-08,1.9362458724917069
2015-09,-0.3732020997375418
2015-10,-0.24076708153415893
2015-11,3.2435695538057736
2015-12,5.906878145367547
2016-01,0.24716789433578823
2016-02,2.2462580390875115
2016-03,0.6031750063500123
2016-04,-0.06732283464565292
2016-05,1.9659893319786903
2016-06,1.7434645669291733
2016-07,0.7762001524002748
2016-08,0.3007620015239638
2016-09,3.573464566929122
2016-10,-0.16334772669544861
2016-11,-0.8897637795275601
2016-12,2.416555564722387
2017-01,-0.19799339598679233
2017-02,1.5584501573141116
2017-03,3.203175006350012
2017-04,-0.440656167978986
2017-05,1.459537719075465
2017-06,1.0034645669291749
2017-07,-0.3689611379223017
2017-08,0.19753619507235953
2017-09,0.02013123359578728
2017-10,2.5463296926593912
2017-11,1.2702362204724391
2017-12,0.5584910485933534
